name,filename,hash,date,time,group
Superpositive01,TESTTEST.txt,QmP7iyZvWV1PaWU8ArxEkz4t8D56kmhY6f8cQ2YbBHCu41,28/042022,16:43:17,self
Superpositive01,TESTTEST.txt,QmUpd8pATfAWgN1WkaJC9uttkPgtjZNNKVQmusv5cdAhxF,28/042022,17:15:50,self
Superpositive01,FILES.txt,QmRYxQ289RVJgZ7wKmupFCV31VyURhS5uPv6z1pNwe9wdw,28/042022,17:18:06,self
Superpositive01,Super01Test.txt,QmWsDWJ6jpkugzUj4T7Xfo3369RN5zp6jUFrbmiFfRZtbX,28/042022,18:40:03,self
Superpositive01,Super01File.txt,QmYweMSYm23F35TFRxp6fSpW1zVqoao1Cu2tmnREKW5HBG,28/042022,21:16:35,self
Superpositive01,COMICALOL.txt,QmUdsw9hDq8kP5WJ2xEevRXAHonHDFRP3jPa2AdhxTHeyr,28/042022,21:26:11,self
Superpositive01,COMICALOL.txt,QmTsHTRb2V5sAKZGgWcKeBF9YoqnbeXMhzL9aqBZRz2SEt,28/042022,22:32:54,self
Superpositive01,ROBBINS FRAGO RAID MODIFIED.txt,QmfQk6tU8zo8Nm8qtmJWM4qS4ZtRCrrusUGmTP8eAZjvMG,28/042022,22:36:18,self
